{
  "type": "minecraft:crafting_shaped",
  "pattern": [
    "#S",
    "OO",
    "OO"
  ],
  "key": {
    "#": "#minecraft:axes",
    "S": [
      "minecraft:shears"
    ],
    "O": "#minecraft:planks"
  },
  "result": {
    "id": "minecraft:player_head",
    "components": {
      "minecraft:profile": {
        "properties": [
          {
            "name": "textures",
            "value": "eyJ0ZXh0dXJlcyI6eyJTS0lOIjp7InVybCI6Imh0dHA6Ly90ZXh0dXJlcy5taW5lY3JhZnQubmV0L3RleHR1cmUvYjRhZTU1ZDI5MGZiOGQzOTg2M2IzODU2Y2JmZmRlZTNiOTA2ZDkxNjY3NzVmNDgwMzE2NzU4OWY3NDVhMTg3ZCJ9fX0"
          }
        ]
      },
      "minecraft:item_name": "Carpenter Bench",
      "minecraft:custom_data": {"carpenterbench1":1,"furniture":1}
    },
    "count": 1
  },
  "show_notification": false
}