{
    "type": "entity",
    "pools": [
      {
        "rolls": 1,
        "entries": [
          {
            "type": "item",
            "name": "minecraft:player_head",
            "functions": [
              {
                "function": "set_name",
                "name": {
                  "text": "Mangrove Bedside Cabinet",
                  "color": "yellow",
                  "bold": false,
                  "italic": false
                },
                "entity": "this"
              },
              {
                "function": "set_components",
                "components": {
                    "minecraft:profile": {
                        "id": [
                          -797589829,168643473,-1113349368,-128663185
                        ],
                        "properties": [
                            {
                                "name": "textures",
                                "value": "eyJ0ZXh0dXJlcyI6eyJTS0lOIjp7InVybCI6Imh0dHA6Ly90ZXh0dXJlcy5taW5lY3JhZnQubmV0L3RleHR1cmUvYTFiOTZmYzdkOTE1YjU3ZjY4MzQ5MzEwNjcwNDM1M2Q4ODM3NzcyZGZmNTFiMjBiZjNiZGEwOWYyZmE4YjNiYSJ9fX0="
                            }
                        ]
                    }
                  }
            },
              {
                "function": "set_custom_data",
                "tag": "{furniture:1b,cabinet3:1b,mangrove:1b}"
            }
            ]
          }
        ]
      }
    ]
  }