{
  "display": {
    "icon": {
      "item": "minecraft:player_head",
      "nbt": "{SkullOwner:{Id:[I;-30050627,683886553,-1448661683,-999665402],Properties:{textures:[{Value:\"eyJ0ZXh0dXJlcyI6eyJTS0lOIjp7InVybCI6Imh0dHA6Ly90ZXh0dXJlcy5taW5lY3JhZnQubmV0L3RleHR1cmUvZDZhYWVmMDEyMGFmNzFiYTNiODNmYmRkYWJjMzM0YmM2M2YyMzExNTk5Njk4YTMxODI0M2JlNjlmMDYwN2RhMyJ9fX0=\"}]}}}"
    },
    "title": "New Resident",
    "description": "Craft Mailbox",
    "background": "minecraft:textures/block/netherite_block.png",
    "announce_to_chat": true,
    "hidden": false
  },
  "parent": "ketket_mailbox:mailbox_adv",
  "criteria": {
    "requirement": {
      "trigger": "minecraft:impossible"
    }
  }
}