{
    "type": "entity",
    "pools": [
      {
        "rolls": 1,
        "entries": [
          {
            "type": "item",
            "name": "minecraft:player_head",
            "functions": [
              {
                "function": "set_name",
                "name": {
                  "text": "Pale Wall Rack",
                  "color": "yellow",
                  "bold": false,
                  "italic": false
                },
                "entity": "this"
              },     
              {
                     "function": "set_components",
                     "components": {
                         "minecraft:profile": {
                             "properties": [
                                 {
                                     "name": "textures",
                                     "value": "eyJ0ZXh0dXJlcyI6eyJTS0lOIjp7InVybCI6Imh0dHA6Ly90ZXh0dXJlcy5taW5lY3JhZnQubmV0L3RleHR1cmUvNTIwN2UwNjUxNDJiYjU3OTZlODlkNGUwNjEzMmE5MDA5NzgwYTQ0NWE1OTlkNjAwYjJiOTdhYTAyMzVlYmQzZiJ9fX0="
                                 }
                             ]
                         }
                       }
                 },
              {
                "function": "set_custom_data",
                "tag": "{furniture:1b,rack1:1b,pale:1b}"
            }
            ]
          }
        ]
      }
    ]
  }