{
  "display": {
    "icon": {
      "item": "minecraft:player_head",
      "nbt": "{SkullOwner:{Id:[I;-1690130632,-442872672,-1352445718,-1349114006],Properties:{textures:[{Value:\"eyJ0ZXh0dXJlcyI6eyJTS0lOIjp7InVybCI6Imh0dHA6Ly90ZXh0dXJlcy5taW5lY3JhZnQubmV0L3RleHR1cmUvZmI4MmNlZDE5NTI3YjZmZmM2MmZiNDA5YzZhZWFmODkzNTdjOWIzZWIzMzc2ZDE5OWE1MDFkYjkwYzI3MTcyOSJ9fX0=\"}]}}}"
    },
    "title": "Ketket's Chairs",
    "description": "Advancements of the Chairs",
    "background": "minecraft:textures/block/birch_planks.png",
    "announce_to_chat": false,
    "hidden": false
  },
  "criteria": {
    "requirement": {
      "trigger": "minecraft:location"
    }
  }
}