{
    "type": "entity",
    "pools": [
      {
        "rolls": 1,
        "entries": [
          {
            "type": "item",
            "name": "minecraft:player_head",
            "functions": [
              {
                "function": "set_name",
                "name": {
                  "text": "Pale Table",
                  "color": "yellow",
                  "bold": false,
                  "italic": false
                },
                "entity": "this"
              },     
              {
                     "function": "set_components",
                     "components": {
                         "minecraft:profile": {
                             "id": [
                              1513134840,545473161,-1696296522,-1711783889
                             ],
                             "properties": [
                                 {
                                     "name": "textures",
                                     "value": "eyJ0ZXh0dXJlcyI6eyJTS0lOIjp7InVybCI6Imh0dHA6Ly90ZXh0dXJlcy5taW5lY3JhZnQubmV0L3RleHR1cmUvYzYzOTJkMDQxNmZiNGE2YTk0N2JkMzYyMzkwOGMyMjU4MTI3NWZjY2YyYzczNmYwNjkyZjFiMGQ2MGU2ODY4In19fQ=="
                                 }
                             ]
                         }
                       }
                 },
              {
                "function": "set_custom_data",
                "tag": "{furniture:1b,table1:1b,pale:1b}"
            }
            ]
          }
        ]
      }
    ]
  }