{
    "type": "entity",
    "pools": [
      {
        "rolls": 1,
        "entries": [
          {
            "type": "item",
            "name": "minecraft:hopper",
            "functions": [
              {
                "function": "set_name",
                "name": {
                  "text": "Current Stock: ",
                  "color": "gray",
                  "bold": false,
                  "italic": false,
                  "extra": [
                    {
                      "score": {
                        "name": "@s",
                        "objective": "currentstock"
                      },
                      "color": "white",
                      "bold": true
                    },
                    {
                      "text": " / ",
                      "color": "gray",
                      "bold": false
                    },
                    {
                      "score": {
                        "name": "@s",
                        "objective": "totalstock"
                      },
                      "color": "white",
                      "bold": true
                    },
                    {
                      "text": " - ",
                      "color": "gray",
                      "bold": false
                    },
                    {
                      "score": {
                        "name": "@s",
                        "objective": "totalstock_chestcount"
                      },
                      "color": "white",
                      "bold": false
                    },                    
                    {
                      "text": " / 18",
                      "color": "white",
                      "bold": false
                    }
                  ]
                },
                "entity": "this"
              },
              {
                "function": "set_nbt",
                "tag": "{ketket_shop:1b}"
              },
              {
                "function": "set_lore",
                "lore": [
                  {
                    "text": "Click to empty stock.",
                    "color": "white",
                    "italic": false
                  },
                  {
                    "text": "For more stock limit, drop chest to stock slot. ",
                    "color": "white",
                    "italic": false
                  }
                ]
              }
            ]
          }
        ]
      }
    ]
  }