{
    "type": "entity",
    "pools": [
      {
        "rolls": 1,
        "entries": [
          {
            "type": "item",
            "name": "minecraft:player_head",
            "functions": [
              {
                "function": "set_name",
                "name": {
                  "text": "Pale Accent Table",
                  "color": "yellow",
                  "bold": false,
                  "italic": false
                },
                "entity": "this"
              },     
              {
                     "function": "set_components",
                     "components": {
                      "minecraft:profile": {
                        "id": [
                            -242539773,
                            -1004322055,
                            -2111168174,
                            -1873344130
                        ],
                        "properties": [
                            {
                                "name": "textures",
                                "value": "eyJ0ZXh0dXJlcyI6eyJTS0lOIjp7InVybCI6Imh0dHA6Ly90ZXh0dXJlcy5taW5lY3JhZnQubmV0L3RleHR1cmUvM2YxNTY0MDNjMDdmZmExYmJlZTU1Njg4NmNiYTQyMGJmYWJmZmNiZTgwOTdiMGY5ZTRjYjA1MWZkMTYzOGNiNyJ9fX0="
                            }
                        ]
                    }
                       }
                 },
              {
                "function": "set_custom_data",
                "tag": "{furniture:1b,table4:1b,pale:1b}"
            }
            ]
          }
        ]
      }
    ]
  }