{
    "type": "entity",
    "pools": [
      {
        "rolls": 1,
        "entries": [
          {
            "type": "item",
            "name": "minecraft:player_head",
            "functions": [
              {
                "function": "set_name",
                "name": {
                  "text": "Shopcase",
                  "color": "yellow",
                  "bold": false,
                  "italic": false
                },
                "entity": "this"
              },
              {
                "function": "set_nbt",
                "tag": "{display:{Name:\"{\\\"text\\\":\\\"Shopcase\\\",\\\"color\\\":\\\"yellow\\\",\\\"italic\\\":false}\"},SkullOwner:{Id:[I;1431137794,275073127,-2022788867,-1955600531],Properties:{textures:[{Value:\"eyJ0ZXh0dXJlcyI6eyJTS0lOIjp7InVybCI6Imh0dHA6Ly90ZXh0dXJlcy5taW5lY3JhZnQubmV0L3RleHR1cmUvZWRjMzZjOWNiNTBhNTI3YWE1NTYwN2EwZGY3MTg1YWQyMGFhYmFhOTAzZThkOWFiZmM3ODI2MDcwNTU0MGRlZiJ9fX0=\"}]}}}"
              }
            ]
          }
        ]
      }
    ]
  }