{
  "display": {
    "icon": {
      "item": "minecraft:player_head",
      "nbt": "{SkullOwner:{Id:[I;-1733623591,1847282149,-1368733196,1897874387],Properties:{textures:[{Value:\"eyJ0ZXh0dXJlcyI6eyJTS0lOIjp7InVybCI6Imh0dHA6Ly90ZXh0dXJlcy5taW5lY3JhZnQubmV0L3RleHR1cmUvODE1YWZhZTRmYmM0YjVhZjZiZDdkNTFiYjMwMWUzMjg4ZWFjMmMzNjBjZTcxNDU4Mzc3MjZhM2IxY2RmNTcwYiJ9fX0=\"}]}}}"
    },
    "title": "Ketket's Tables",
    "description": "Advancements of the Tables",
    "background": "minecraft:textures/block/birch_planks.png",
    "announce_to_chat": false,
    "hidden": false
  },
    "criteria": {
    "requirement": {
      "trigger": "minecraft:location"
    }
  }
}