{
    "type": "entity",
    "pools": [
      {
        "rolls": 1,
        "entries": [
          {
            "type": "item",
            "name": "minecraft:gray_dye",
            "functions": [
              {
                "function": "set_name",
                "name": {
                  "text": "Product",
                  "color": "gray",
                  "bold": true,
                  "italic": false
                },
                "entity": "this"
              },
              {
                "function": "set_lore",
                "lore": [
                  {
                    "text": "Place here your product.",
                    "color": "white",
                    "italic": false
                  }
                ]
              },
              {
                "function": "set_nbt",
                "tag": "{ketket_shop:1b}"
              }
            ]
          }
        ]
      }
    ]
  }