{
    "type": "entity",
    "pools": [
      {
        "rolls": 1,
        "entries": [
          {
            "type": "item",
            "name": "minecraft:lime_dye",
            "functions": [
              {
                "function": "set_name",
                "name": {
                  "text": "Save Changes",
                  "color": "green",
                  "bold": true,
                  "italic": false
                },
                "entity": "this"
              },
              {
                "function": "set_nbt",
                "tag": "{ketket_shop:1b}"
              }
            ]
          }
        ]
      }
    ]
  }