{
    "type": "minecraft:crafting_shaped",
    "pattern": [
      "_",
      "O"
    ],
    "key": {
      "_": [
        "minecraft:emerald"
      ],
      "O": [
        "minecraft:chest"
      ]
    },
    "result": {
      "id": "minecraft:player_head",
      "components": {
        "minecraft:profile": {
          "properties": [
            {
              "name": "textures",
              "value": "eyJ0ZXh0dXJlcyI6eyJTS0lOIjp7InVybCI6Imh0dHA6Ly90ZXh0dXJlcy5taW5lY3JhZnQubmV0L3RleHR1cmUvZWRjMzZjOWNiNTBhNTI3YWE1NTYwN2EwZGY3MTg1YWQyMGFhYmFhOTAzZThkOWFiZmM3ODI2MDcwNTU0MGRlZiJ9fX0"
            }
          ]
        },
        "minecraft:item_name": "Shopcase",
        "minecraft:custom_data": {"shopcase":1,"playershop":1}
      },
      "count": 1
    },
    "show_notification": false
  }