{
  "type": "entity",
  "pools": [
    {
      "rolls": 1,
      "entries": [
        {
          "type": "item",
          "name": "minecraft:player_head",
          "functions": [
            {
              "function": "set_name",
              "name": {
                "text": "Mangrove Armchair",
                "color": "yellow",
                "bold": false,
                "italic": false
              },
              "entity": "this"
            },     
            {
                   "function": "set_components",
                   "components": {
                       "minecraft:profile": {
                           "id": [
                            766103958,1039224425,-1251590263,-168861618
                           ],
                           "properties": [
                               {
                                   "name": "textures",
                                   "value": "eyJ0ZXh0dXJlcyI6eyJTS0lOIjp7InVybCI6Imh0dHA6Ly90ZXh0dXJlcy5taW5lY3JhZnQubmV0L3RleHR1cmUvYjdhN2YwOTRjYjBlZGE2YzZhNDdlYjdmNDE0YmJlZWEzYmZjOTcwNGVhOTc2NzhkYmNhYjIzZmRiYzU4MzNiIn19fQ=="
                               }
                           ]
                       }
                     }
               },
            {
              "function": "set_custom_data",
              "tag": "{furniture:1b,chair4:1b,mangrove:1b,color:{white:1b}}"
          }
          ]
        }
      ]
    }
  ]
}