{
    "display": {
      "icon": {
        "id": "minecraft:emerald"
      },
      "title": "Ketket's Player Shops",
      "description": "Player ID set.",
      "background": "minecraft:textures/block/oak_planks.png",
      "announce_to_chat": false,
      "hidden": true
    },
    "parent": "ketket_shops:sp_adv_1",
    "criteria": {
      "requirement": {
        "trigger": "minecraft:location"
      }
    },
    "rewards": {
        "function": "ketket_shops:getid"
        }
  }