{
    "type": "minecraft:crafting_shaped",
    "pattern": [
        "###",
        "###",
        "###"
    ],
    "key": {
        "#": {
            "item": "minecraft:ender_pearl"
        }
    },
    "result": {
        "id": "minecraft:player_head",
        "count": 1,
        "components": {
          "minecraft:profile": {
              "id": [
                -293471503,-504215050,-1607179960,561750920
              ],
              "properties": [
                  {
                      "name": "textures",
                      "value": "eyJ0ZXh0dXJlcyI6eyJTS0lOIjp7InVybCI6Imh0dHA6Ly90ZXh0dXJlcy5taW5lY3JhZnQubmV0L3RleHR1cmUvNWNiN2MyMWNjNDNkYzE3Njc4ZWU2ZjE2NTkxZmZhYWIxZjYzN2MzN2Y0ZjZiYmQ4Y2VhNDk3NDUxZDc2ZGI2ZCJ9fX0="
                  }
              ]
          },
          "item_name": "{\"text\":\"Compressed Ender Pearl\",\"color\":\"white\",\"bold\":false,\"italic\":false}",
          "minecraft:custom_data": {"stackraft":1}
        }
    }
}