{
  "type": "entity",
  "pools": [
    {
      "rolls": 1,
      "entries": [
        {
          "type": "item",
          "name": "minecraft:player_head",
          "functions": [
            {
              "function": "set_name",
              "name": {
                "text": "Bamboo Armchair",
                "color": "yellow",
                "bold": false,
                "italic": false
              },
              "entity": "this"
            },     
            {
                   "function": "set_components",
                   "components": {
                       "minecraft:profile": {
                           "id": [
                            -1087111308,-1276294749,-1656894957,636683883
                           ],
                           "properties": [
                               {
                                   "name": "textures",
                                   "value": "eyJ0ZXh0dXJlcyI6eyJTS0lOIjp7InVybCI6Imh0dHA6Ly90ZXh0dXJlcy5taW5lY3JhZnQubmV0L3RleHR1cmUvNTYxNWViZWE3ODUwZTlkN2I1MGI5NjhlMDA5OWVmOTMyNTY2MjU3ODEyMTBmMDJhZTlkNTA4MWY4NmI3MDQ2MyJ9fX0="
                               }
                           ]
                       }
                     }
               },
            {
              "function": "set_custom_data",
              "tag": "{furniture:1b,chair4:1b,bamboo:1b}"
          }
          ]
        }
      ]
    }
  ]
}