{
    "type": "minecraft:crafting_shaped",
    "pattern": [
        "###",
        "###",
        "###"
    ],
    "key": {
        "#": ["minecraft:blaze_rod"]
    },
    "result": {
        "id": "minecraft:player_head",
        "count": 1,
        "components": {
          "minecraft:profile": {
              "id": [
                -1090068770,1447773038,-1785439622,1344557054
              ],
              "properties": [
                  {
                      "name": "textures",
                      "value": "eyJ0ZXh0dXJlcyI6eyJTS0lOIjp7InVybCI6Imh0dHA6Ly90ZXh0dXJlcy5taW5lY3JhZnQubmV0L3RleHR1cmUvNjRiMWI5Y2UyZTlhNmNlOGE5ODVkMzk3NzZlMjkwODA3N2I4MmU2YTMzM2QyYTgxYTQ0MTQzOGVhYjM5ZjhlMSJ9fX0="
                  }
              ]
          },
          "minecraft:item_name": "Compressed Blaze Rod",
          "minecraft:custom_data": {"stackraft":1}
        }
    }
}