{
    "type": "minecraft:crafting_shaped",
    "pattern": [
        "###",
        "###",
        "###"
    ],
    "key": {
        "#": ["minecraft:egg"]
    },
    "result": {
        "id": "minecraft:player_head",
        "count": 1,
        "components": {
          "minecraft:profile": {
              "id": [
                -409097129,-84260556,-1481602444,-1136075502
              ],
              "properties": [
                  {
                      "name": "textures",
                      "value": "eyJ0ZXh0dXJlcyI6eyJTS0lOIjp7InVybCI6Imh0dHA6Ly90ZXh0dXJlcy5taW5lY3JhZnQubmV0L3RleHR1cmUvMTA1OWI4MWQ2N2NhNTcxMDkyZTU2YmIzMDFiNDU0NDI2YzAzOWUyNmJjMzVhNTJiZjlmZWE3Nzc1OTI2YzE5MCJ9fX0="
                  }
              ]
          },
          "minecraft:item_name": "Compressed Egg",
          "minecraft:custom_data": {"stackraft":1}
        }
    }
}