{
    "type": "entity",
    "pools": [
      {
        "rolls": 1,
        "entries": [
          {
            "type": "item",
            "name": "minecraft:glow_item_frame",
            "functions": [
              {
                "function": "set_name",
                "name": {
                  "text": "Display Case",
                  "italic": false
                },
                "entity": "this"
              },
              {
                "function": "set_custom_data",
                "tag": "{ket.dc:1b}"
              }
            ]
          }
        ]
      }
    ]
  }