{
    "type": "entity",
    "pools": [
      {
        "rolls": 1,
        "entries": [
          {
            "type": "item",
            "name": "minecraft:cod_spawn_egg",
            "functions": [
              {
                "function": "set_name",
                "name": {
                  "text": "Mannequin Spawn Egg"
                },
                "entity": "this"
              },
              {
                "function": "set_custom_data",
                "tag": "{ket.npc:1}"
              },
              {
            "function": "set_components",
              "components": {
                "minecraft:entity_data": {
                  "id": "minecraft:cod",
                  "Silent": true,
                  "Invulnerable": true,
                  "NoAI": true,
                  "Tags": [
                    "ket.npc"
                ],
                "DeathLootTable": "minecraft:empty",
                  "DeathLootTableSeed": 0
                }
              }
              }
            ]
          }
        ]
      }
    ]
  }