{
    "type": "entity",
    "pools": [
      {
        "rolls": 1,
        "entries": [
          {
            "type": "item",
            "name": "minecraft:light_gray_stained_glass_pane",
            "functions": [
              {
                "function": "set_name",
                "name": {
                  "text": ""
                },
                "entity": "this"
              },
              {
                "function": "set_custom_data",
                "tag": "{carpenterbench1:1b}"
              }
            ]
          }
        ]
      }
    ]
  }