{
  "type": "minecraft:stonecutting",
  "pattern": [
    "SOS",
    ""
  ],
  "key": {},
  "ingredient": "minecraft:acacia_wood",
  "result": {
    "id": "minecraft:player_head",
    "components": {
      "minecraft:profile": {
                             "id": [
                              1385296910,-1527821627,-1199677153,877707867
                             ],
                             "properties": [
                                 {
                                     "name": "textures",
                                     "value": "eyJ0ZXh0dXJlcyI6eyJTS0lOIjp7InVybCI6Imh0dHA6Ly90ZXh0dXJlcy5taW5lY3JhZnQubmV0L3RleHR1cmUvNjhlYzMwYjBiOWJlODVlMDI3ZDhmYTljOGU1YTJjNDUzMzkxNmQ5YWNlYWU3ZDVkYWY4ODFiMDA1M2FkMjY2NCJ9fX0="
                                 }
                             ]
                         },
      "minecraft:item_name": "Acacia Stool",
      "minecraft:custom_data": {
        "furniture": 1,
        "chair1": 1,
        "acacia": 1
      }
    },
    "count": 1
  }
}