{
  "type": "minecraft:stonecutting",
  "pattern": [
    "SOS",
    ""
  ],
  "key": {},
  "ingredient": "minecraft:bamboo_block",
  "result": {
    "id": "minecraft:player_head",
    "components": {
"minecraft:profile": {
                             "id": [
                              1000291252,-863286171,-1191117304,412512577
                             ],
                             "properties": [
                                 {
                                     "name": "textures",
                                     "value": "eyJ0ZXh0dXJlcyI6eyJTS0lOIjp7InVybCI6Imh0dHA6Ly90ZXh0dXJlcy5taW5lY3JhZnQubmV0L3RleHR1cmUvM2FjMTZiMDdkMzAxN2QxNTliZTdhYjMxMTg1ZDg0OTBmODE2YWVkMDBmYWM0ODJmMTJlMzNhNGQ3Y2ZlOGY1MSJ9fX0="
                                 }
                             ]
                         },
      "minecraft:item_name": "Bamboo Stool",
      "minecraft:custom_data": {
        "furniture": 1,
        "chair1": 1,
        "bamboo": 1
      }
    },
    "count": 1
  }
}