{
    "type": "minecraft:entity",
    "pools": [
      {
        "rolls": 1,
        "entries": [
          {
            "type": "minecraft:item",
            "name": "minecraft:written_book",
            "functions": [
              {
                "function": "minecraft:set_name",
                "entity": "this",
                "name": {
                  "text": "Furniture Catalog",
                  "color": "yellow",
                  "bold": true,
                  "italic": false
                },
                "conditions": []
              }
            ]
          }
        ],
        "functions": [
          {
            "function": "minecraft:set_components",
            "components": {
              "minecraft:written_book_content": {
                "pages": [
                  "[{\"text\":\"\"},{\"text\":\"List Of Furnitures\",\"bold\":true,\"color\":\"dark_green\"},{\"text\":\"\\n\"},{\"text\":\"\\n\"},{\"text\":\"[Stool]\",\"clickEvent\":{\"action\":\"run_command\",\"value\":\"/loot give @s loot ketket_furnitures:chairs/chair1/spruce\"}},{\"text\":\" [Chair]\",\"clickEvent\":{\"action\":\"run_command\",\"value\":\"/loot give @s loot ketket_furnitures:chairs/chair2/spruce\"}},{\"text\":\" [Sofa]\",\"clickEvent\":{\"action\":\"run_command\",\"value\":\"/loot give @s loot ketket_furnitures:chairs/chair3\"}},{\"text\":\"\\n\"},{\"text\":\"[Throne]\",\"clickEvent\":{\"action\":\"run_command\",\"value\":\"/loot give @s loot ketket_furnitures:chairs/chair6/spruce\"}},{\"text\":\" [W. Throne]\",\"clickEvent\":{\"action\":\"run_command\",\"value\":\"/loot give @s loot ketket_furnitures:chairs/chair6/wooled/spruce\"}},{\"text\":\"\\n\"},{\"text\":\"[Arm Chair]\",\"clickEvent\":{\"action\":\"run_command\",\"value\":\"/loot give @s loot ketket_furnitures:chairs/chair4/spruce\"}},{\"text\":\" [P. Bench]\",\"clickEvent\":{\"action\":\"run_command\",\"value\":\"/loot give @s loot ketket_furnitures:chairs/chair5/spruce\"}},{\"text\":\"\\n\"},{\"text\":\"[Table]\",\"clickEvent\":{\"action\":\"run_command\",\"value\":\"/loot give @s loot ketket_furnitures:tables/table1/spruce\"}},{\"text\":\" [Low Table]\",\"clickEvent\":{\"action\":\"run_command\",\"value\":\"/loot give @s loot ketket_furnitures:tables/table2/spruce\"}},{\"text\":\"\\n\"},{\"text\":\"[Pedestal Table]\",\"clickEvent\":{\"action\":\"run_command\",\"value\":\"/loot give @s loot ketket_furnitures:tables/table3/spruce\"}},{\"text\":\" [Accent Table]\",\"clickEvent\":{\"action\":\"run_command\",\"value\":\"/loot give @s loot ketket_furnitures:tables/table4/spruce\"}},{\"text\":\"\\n\"},{\"text\":\"[Cabinet]\",\"clickEvent\":{\"action\":\"run_command\",\"value\":\"/loot give @s loot ketket_furnitures:cabinets/cabinet2/spruce\"}},{\"text\":\" [Wall Rack]\",\"clickEvent\":{\"action\":\"run_command\",\"value\":\"/loot give @s loot ketket_furnitures:racks/rack1/spruce\"}},{\"text\":\"\\n\"},{\"text\":\"[Bedside Cabinet]\",\"clickEvent\":{\"action\":\"run_command\",\"value\":\"/loot give @s loot ketket_furnitures:cabinets/cabinet3/spruce\"}},{\"text\":\"\\n\"},{\"text\":\"[Carpenter Bench]\",\"clickEvent\":{\"action\":\"run_command\",\"value\":\"/loot give @s loot ketket_furnitures:carpenterbench\"}},{\"text\":\"\\n\"},{\"text\":\"\\n\"},{\"text\":\"Selected Type : [\"},{\"nbt\":\"SelectedItem.components.\\\"minecraft:custom_data\\\".type\",\"entity\":\"@s\",\"bold\":true,\"color\":\"green\"},{\"text\":\"]\"}]","[{\"text\":\"\"},{\"text\":\"List Of Furnitures\",\"bold\":true,\"color\":\"dark_green\"},{\"text\":\"\\n\"},{\"text\":\"[Curtain]\",\"clickEvent\":{\"action\":\"run_command\",\"value\":\"/loot give efeketket loot ketket_furnitures:curtains/curtain1\"}},{\"text\":\"\\n\"},{\"text\":\"[Store Curtain]\",\"clickEvent\":{\"action\":\"run_command\",\"value\":\"/loot give efeketket loot ketket_furnitures:curtains/curtain2\"}},{\"text\":\"\\n\"},{\"text\":\"[Street Lamp]\",\"clickEvent\":{\"action\":\"run_command\",\"value\":\"/loot give efeketket loot ketket_furnitures:lamps/lamp1\"}},{\"text\":\"\\n\"},{\"text\":\"[Table Lamp]\",\"clickEvent\":{\"action\":\"run_command\",\"value\":\"/loot give efeketket loot ketket_furnitures:lamps/lamp2\"}},{\"text\":\"\\n\"},{\"text\":\"[Fridge]\",\"clickEvent\":{\"action\":\"run_command\",\"value\":\"/loot give @s loot ketket_furnitures:cabinets/cabinet1\"}},{\"text\":\"  [Mailbox]\",\"clickEvent\":{\"action\":\"run_command\",\"value\":\"/loot give @s loot ketket_furnitures:mailbox\"}},{\"text\":\"\\n\"},{\"text\":\"\\n\"},{\"text\":\"Set Furniture Type\",\"bold\":true,\"color\":\"dark_green\"},{\"text\":\"\\n\"},{\"text\":\"[Oak]  \",\"clickEvent\":{\"action\":\"run_command\",\"value\":\"/execute at @s run function ketket_furnitures:catalog/settype/oak\"}},{\"text\":\"[Spruce]  \",\"clickEvent\":{\"action\":\"run_command\",\"value\":\"/execute at @s run function ketket_furnitures:catalog/settype/spruce\"}},{\"text\":\"[Birch]  \",\"clickEvent\":{\"action\":\"run_command\",\"value\":\"/execute at @s run function ketket_furnitures:catalog/settype/birch\"}},{\"text\":\"[Jungle]  \",\"clickEvent\":{\"action\":\"run_command\",\"value\":\"/execute at @s run function ketket_furnitures:catalog/settype/jungle\"}},{\"text\":\"[Acacia]  \",\"clickEvent\":{\"action\":\"run_command\",\"value\":\"/execute at @s run function ketket_furnitures:catalog/settype/acacia\"}},{\"text\":\"[Dark Oak]  \",\"clickEvent\":{\"action\":\"run_command\",\"value\":\"/execute at @s run function ketket_furnitures:catalog/settype/dark_oak\"}},{\"text\":\"[Mangrove]  \",\"clickEvent\":{\"action\":\"run_command\",\"value\":\"/execute at @s run function ketket_furnitures:catalog/settype/mangrove\"}},{\"text\":\"[Cherry]  \",\"clickEvent\":{\"action\":\"run_command\",\"value\":\"/execute at @s run function ketket_furnitures:catalog/settype/cherry\"}},{\"text\":\"[Pale]  \",\"clickEvent\":{\"action\":\"run_command\",\"value\":\"/execute at @s run function ketket_furnitures:catalog/settype/pale\"}},{\"text\":\"[Crimson]  \",\"clickEvent\":{\"action\":\"run_command\",\"value\":\"/execute at @s run function ketket_furnitures:catalog/settype/crimson\"}},{\"text\":\"[Warped]  \",\"clickEvent\":{\"action\":\"run_command\",\"value\":\"/execute at @s run function ketket_furnitures:catalog/settype/warped\"}},{\"text\":\"[Bamboo]  \",\"clickEvent\":{\"action\":\"run_command\",\"value\":\"/execute at @s run function ketket_furnitures:catalog/settype/bamboo\"}}]"
                ],
                "title": "",
                "author": ""
              }
            },
            "conditions": []
          }
        ]
      }
    ],
    "functions": [
      {
        "function": "minecraft:set_custom_data",
        "tag": "{type:\"Spruce\"}",
        "conditions": []
      }
    ]
  }