{
  "criteria": {
    "ButtonPressed": {
      "trigger": "minecraft:using_item",
      "conditions": {
        "item": {
          "items": [
            "minecraft:stone_pickaxe",
            "minecraft:diamond_pickaxe",
            "minecraft:netherite_pickaxe",
            "minecraft:wooden_pickaxe",
            "minecraft:golden_pickaxe",
            "minecraft:copper_pickaxe",
            "minecraft:iron_pickaxe",
            "minecraft:stone_axe",
            "minecraft:diamond_axe",
            "minecraft:netherite_axe",
            "minecraft:wooden_axe",
            "minecraft:golden_axe",
            "minecraft:copper_axe",
            "minecraft:iron_axe",
            "minecraft:stone_shovel",
            "minecraft:diamond_shovel",
            "minecraft:netherite_shovel",
            "minecraft:wooden_shovel",
            "minecraft:golden_shovel",
            "minecraft:copper_shovel",
            "minecraft:iron_shovel",
            "minecraft:stone_hoe",
            "minecraft:diamond_hoe",
            "minecraft:netherite_hoe",
            "minecraft:wooden_hoe",
            "minecraft:golden_hoe",
            "minecraft:copper_hoe",
            "minecraft:iron_hoe"
          ],
            "components": {
            "minecraft:lore": [
              "Switchable Enchantment"
            ]
          }
        }
      }
    }
  },
    "rewards": {
    "function": "sfswitch:switch"
  }
}