{
    "type": "entity",
    "pools": [
      {
        "rolls": 1,
        "entries": [
          {
            "type": "item",
            "name": "minecraft:player_head",
            "functions": [
              {
                "function": "set_name",
                "name": {
                  "text": "Acacia Armchair",
                  "color": "yellow",
                  "bold": false,
                  "italic": false
                },
                "entity": "this"
              },     
              {
                     "function": "set_components",
                     "components": {
                         "minecraft:profile": {
                             "id": [
                              411720438,-900577325,-2063397045,1517023047
                             ],
                             "properties": [
                                 {
                                     "name": "textures",
                                     "value": "eyJ0ZXh0dXJlcyI6eyJTS0lOIjp7InVybCI6Imh0dHA6Ly90ZXh0dXJlcy5taW5lY3JhZnQubmV0L3RleHR1cmUvYjhhYzM5OWUwYzY0Y2FmNTk5YjBkMmYyYWE0ZDcxMWNiZDBkNjU2NTNhYWY5NmFlYmQxN2JhNjI2NjhmNmQyOCJ9fX0="
                                 }
                             ]
                         }
                       }
                 },
              {
                "function": "set_custom_data",
                "tag": "{furniture:1b,chair4:1b,acacia:1b,color:{white:1b}}"
            }
            ]
          }
        ]
      }
    ]
  }