{
    "type": "entity",
    "pools": [
      {
        "rolls": 1,
        "entries": [
          {
            "type": "item",
            "name": "minecraft:player_head",
            "functions": [
              {
                "function": "set_name",
                "name": {
                  "text": "Carpenter Bench",
                  "color": "yellow",
                  "bold": false,
                  "italic": false
                },
                "entity": "this"
              },
              {
                "function": "set_components",
                "components": {
                    "minecraft:profile": {
                        "id": [
                          1108158851,328224704,-2065518152,-1709381322
                        ],
                        "properties": [
                            {
                                "name": "textures",
                                "value": "eyJ0ZXh0dXJlcyI6eyJTS0lOIjp7InVybCI6Imh0dHA6Ly90ZXh0dXJlcy5taW5lY3JhZnQubmV0L3RleHR1cmUvYjRhZTU1ZDI5MGZiOGQzOTg2M2IzODU2Y2JmZmRlZTNiOTA2ZDkxNjY3NzVmNDgwMzE2NzU4OWY3NDVhMTg3ZCJ9fX0="
                            }
                        ]
                    }
                  }
            },
              {
                "function": "set_custom_data",
                "tag": "{carpenterbench:1b,furniture:1b,crafted:1b}"
              }
            ]
          }
        ]
      }
    ]
  }