{
    "type": "entity",
    "pools": [
      {
        "rolls": 1,
        "entries": [
          {
            "type": "item",
            "name": "minecraft:player_head",
            "functions": [
              {
                "function": "set_name",
                "name": {
                  "text": "Wooled Pale Throne Chair",
                  "color": "yellow",
                  "bold": false,
                  "italic": false
                },
                "entity": "this"
              },     
              {
                     "function": "set_components",
                     "components": {
                         "minecraft:profile": {
                             "properties": [
                                 {
                                     "name": "textures",
                                     "value": "eyJ0ZXh0dXJlcyI6eyJTS0lOIjp7InVybCI6Imh0dHA6Ly90ZXh0dXJlcy5taW5lY3JhZnQubmV0L3RleHR1cmUvMzZmZmYzMmU2MjExNjhjYWYyNDQ0ZGUwZGE1NzdlN2Y5MmY3OTM3Y2Y0MmM1NTk5ZWZlMTE3ZDZjZDExNDUwOCJ9fX0="
                                 }
                             ]
                         }
                       }
                 },
              {
                "function": "set_custom_data",
                "tag": "{furniture:1b,pale:1b,chair6wooled:1b,color:{white:1b}}"
            }
            ]
          }
        ]
      }
    ]
  }