{
  "type": "entity",
  "pools": [
    {
      "rolls": 1,
      "entries": [
        {
          "type": "item",
          "name": "minecraft:arrow",
          "functions": [
            {
              "function": "set_name",
              "name": {
                "text": "Return to main page", 
                "color": "yellow",
                "bold": true,
                "italic": false
              },
              "entity": "this"
            },
            {
              "function": "set_nbt",
              "tag": "{ketket_shop:1b}"
            }
          ]
        }
      ]
    }
  ]
}