{
    "type": "entity",
    "pools": [
      {
        "rolls": 1,
        "entries": [
          {
            "type": "item",
            "name": "minecraft:player_head",
            "functions": [
              {
                "function": "set_name",
                "name": {
                  "text": "Birch Bedside Cabinet",
                  "color": "yellow",
                  "bold": false,
                  "italic": false
                },
                "entity": "this"
              },
              {
                "function": "set_components",
                "components": {
                    "minecraft:profile": {
                        "id": [
                          -881184130,-1372632660,-1891592815,1380804654
                        ],
                        "properties": [
                            {
                                "name": "textures",
                                "value": "eyJ0ZXh0dXJlcyI6eyJTS0lOIjp7InVybCI6Imh0dHA6Ly90ZXh0dXJlcy5taW5lY3JhZnQubmV0L3RleHR1cmUvN2I0ZTQ3OGMxMWNjZGZhNDUzMjk4NzQ3MjQ1ZTA0MjVlYzQyNTFlMTdmYjNlNjdkYmVjMTQxNzZjNjQ3MTcifX19"
                            }
                        ]
                    }
                  }
            },
              {
                "function": "set_custom_data",
                "tag": "{furniture:1b,cabinet3:1b,birch:1b}"
            }
            ]
          }
        ]
      }
    ]
  }