{
    "display": {
      "icon": {
        "item": "minecraft:player_head",
        "nbt": "{SkullOwner:{Id:[I;-2147039857,-724415339,-1171732274,248536439],Properties:{textures:[{Value:\"eyJ0ZXh0dXJlcyI6eyJTS0lOIjp7InVybCI6Imh0dHA6Ly90ZXh0dXJlcy5taW5lY3JhZnQubmV0L3RleHR1cmUvZWU4Y2M5YWQ3YTg4NmFjZTRiZjQ5MTA1MmQwODQyMzYwMmU1N2NkNDA5MmY1ZjM1ZWMwY2FhODVkOWQyNGJkIn19fQ==\"}]}}}"
      },
      "title": "Ketket's Showcases",
      "description": "Advancements of the Showcases",
      "background": "minecraft:textures/block/birch_planks.png",
      "announce_to_chat": false,
      "hidden": false
    },
    "parent": "ketkets:main",
    "criteria": {
      "requirement": {
        "trigger": "minecraft:location"
      }
    }
  }