{
    "type": "entity",
    "pools": [
      {
        "rolls": 1,
        "entries": [
          {
            "type": "item",
            "name": "minecraft:sugar_cane",
            "functions": [
                {
                    "function": "minecraft:set_count",
                    "count": {
                      "type": "minecraft:score",
                      "target": "this",
                      "score": "return_count"
                    },
                    "add": false
                  }
            ]
          }
        ]
      }
    ]
  }