{
  "type": "entity",
  "pools": [
    {
      "rolls": 1,
      "entries": [
        {
          "type": "item",
          "name": "minecraft:writable_book",
          "functions": [
            {
              "function": "set_name",
              "name": {
                "text": "Display Name",
                "color": "gold",
                "bold": true,
                "italic": false
              },
              "entity": "this"
            },
            {
              "function": "set_lore",
              "lore": [
                {
                  "text": "Write the text you want and replace it here.",
                  "color": "white",
                  "italic": false
                },
                {
                  "text": "The text will be displayed on top of the price.",
                  "color": "white",
                  "italic": false
                },
                {
                  "text": "You can customize the text with minecraft text format.",
                  "color": "white",
                  "italic": false
                },
                {
                  "text": "(Don't sign it!)",
                  "color": "white",
                  "italic": false
                }
              ]
            },
            {
              "function": "set_nbt",
              "tag": "{ketket_shop_text:1b, pages:[\"{\\\"text\\\":\\\" \\\", \\\"bold\\\":true}\"]}"
            }
          ]
        }
      ]
    }
  ]
}